Exercise_Name,Description_URL,muscle_gp,Equipment,Rating,Description,Exercise_Images
Rickshaw Carry,https://www.bodybuilding.com/exercises/rickshaw-carry,Forearms,Other,9.6,Average,"['https://www.bodybuilding.com/exercises/exerciseImages/sequences/742/Male/m/742_1.jpg', 'https://www.bodybuilding.com/exercises/exerciseImages/sequences/742/Male/m/742_2.jpg']"
Single-Leg Press,https://www.bodybuilding.com/exercises/single-leg-press,Quadriceps,Machine,9.6,Average,"['https://www.bodybuilding.com/images/2020/xdb/cropped/xdb-50m-single-leg-leg-press-m1-square-600x600.jpg', 'https://www.bodybuilding.com/images/2020/xdb/cropped/xdb-50m-single-leg-leg-press-m2-square-600x600.jpg']"
Landmine twist,https://www.bodybuilding.com/exercises/landmine-180s,Abdominals,Other,9.5,Average,"['https://www.bodybuilding.com/images/2020/xdb/cropped/xdb-129s-landmine-twist-m1-square-600x600.jpg', 'https://www.bodybuilding.com/images/2020/xdb/cropped/xdb-129s-landmine-twist-m3-square-600x600.jpg']"
Weighted pull-up,https://www.bodybuilding.com/exercises/weighted-pull-ups,Lats,Other,9.5,Average,"['https://www.bodybuilding.com/images/2020/xdb/cropped/xdb-96c-weighted-pull-up-m1-square-600x600.jpg', 'https://www.bodybuilding.com/images/2020/xdb/cropped/xdb-96c-weighted-pull-up-m2-square-600x600.jpg']"
T-Bar Row with Handle,https://www.bodybuilding.com/exercises/t-bar-row-with-handle,Middle Back,Other,9.5,Average,"['https://www.bodybuilding.com/exercises/exerciseImages/sequences/1931/Male/m/1931_1.jpg', 'https://www.bodybuilding.com/images/2020/october/1931_2sm.jpg']"
Palms-down wrist curl over bench,https://www.bodybuilding.com/exercises/palms-down-wrist-curl-over-a-bench,Forearms,Barbell,9.5,Average,"['https://www.bodybuilding.com/images/2020/xdb/cropped/xdb-62e-palms-down-wrist-curl-over-bench-m1-square-600x600.jpg', 'https://www.bodybuilding.com/images/2020/xdb/cropped/xdb-62e-palms-down-wrist-curl-over-bench-m2-square-600x600.jpg']"
Atlas Stones,https://www.bodybuilding.com/exercises/atlas-stones,Lower Back,Other,9.5,Average,"['https://www.bodybuilding.com/exercises/exerciseImages/sequences/659/Male/m/659_1.jpg', 'https://www.bodybuilding.com/exercises/exerciseImages/sequences/659/Male/m/659_2.jpg']"
Dumbbell front raise to lateral raise,https://www.bodybuilding.com/exercises/side-laterals-to-front-raise-,Shoulders,Dumbbell,9.5,Average,"['https://www.bodybuilding.com/images/2020/xdb/cropped/xdb-61d-dumbbell-front-raise-to-lateral-raise-m2-square-600x600.jpg', 'https://www.bodybuilding.com/images/2020/xdb/cropped/xdb-61d-dumbbell-front-raise-to-lateral-raise-m3-square-600x600.jpg']"
Clean from Blocks,https://www.bodybuilding.com/exercises/clean-from-blocks,Quadriceps,Barbell,9.5,Average,"['https://www.bodybuilding.com/exercises/exerciseImages/sequences/746/Male/m/746_1.jpg', 'https://www.bodybuilding.com/exercises/exerciseImages/sequences/746/Male/m/746_2.jpg']"
Incline Hammer Curls,https://www.bodybuilding.com/exercises/incline-hammer-curls,Biceps,Dumbbell,9.5,Average,"['https://www.bodybuilding.com/exercises/exerciseImages/sequences/882/Male/m/882_1.jpg', 'https://www.bodybuilding.com/exercises/exerciseImages/sequences/882/Male/m/882_2.jpg']"
Straight-bar wrist roll-up,https://www.bodybuilding.com/exercises/wrist-rotations-with-straight-bar,Forearms,,9.5,Average,"['https://www.bodybuilding.com/images/2020/xdb/cropped/xdb-116s-straight-bar-wrist-roll-up-m1-square-600x600.jpg', 'https://www.bodybuilding.com/images/2020/xdb/cropped/xdb-116s-straight-bar-wrist-roll-up-m3-square-600x600.jpg']"
Barbell glute bridge,https://www.bodybuilding.com/exercises/barbell-glute-bridge,Glutes,Barbell,9.4,Average,"['https://www.bodybuilding.com/images/2020/xdb/cropped/xdb-114s-barbell-glute-bridge-m1-square-600x600.jpg', 'https://www.bodybuilding.com/images/2020/xdb/cropped/xdb-114s-barbell-glute-bridge-m2-square-600x600.jpg']"
Clean and press,https://www.bodybuilding.com/exercises/clean-and-press,Shoulders,Barbell,9.4,Average,"['https://www.bodybuilding.com/images/2020/xdb/cropped/xdb-27b-clean-and-press-m1-square-600x600.jpg', 'https://www.bodybuilding.com/images/2020/xdb/cropped/xdb-27b-clean-and-press-m5-square-600x600.jpg']"
Triceps dip,https://www.bodybuilding.com/exercises/dips-triceps-version,Triceps,Body Only,9.4,Average,"['https://www.bodybuilding.com/images/2020/xdb/cropped/xdb-1m-triceps-dip-m1-square-600x600.jpg', 'https://www.bodybuilding.com/images/2020/xdb/cropped/xdb-1m-triceps-dip-m2-square-600x600.jpg']"
Dumbbell farmer's walk,https://www.bodybuilding.com/exercises/farmers-walk,Forearms,Other,9.4,Average,"['https://www.bodybuilding.com/images/2020/xdb/cropped/xdb-30d-dumbbell-farmers-walk-m1-square-600x600.jpg', 'https://www.bodybuilding.com/images/2020/xdb/cropped/xdb-30d-dumbbell-farmers-walk-m5-square-600x600.jpg']"
Bottoms Up,https://www.bodybuilding.com/exercises/bottoms-up,Abdominals,Body Only,9.3,Average,"['https://www.bodybuilding.com/images/2020/xdb/cropped/xdb-63a-lying-leg-lift-m2-square-600x600.jpg', nan]"
Barbell back squat to box,https://www.bodybuilding.com/exercises/box-squat,Quadriceps,Barbell,9.3,Average,"['https://www.bodybuilding.com/images/2020/xdb/cropped/xdb-72e-barbell-back-squat-to-box-m2-square-600x600.jpg', nan]"
Clean and jerk,https://www.bodybuilding.com/exercises/clean-and-jerk,Shoulders,Barbell,9.3,Average,"['https://www.bodybuilding.com/images/2020/xdb/cropped/xdb-26b-clean-and-jerk-m1-square-600x600.jpg', nan]"
Single-arm kettlebell push-press,https://www.bodybuilding.com/exercises/one-arm-kettlebell-push-press,Shoulders,Kettlebells,9.3,Average,"['https://www.bodybuilding.com/images/2020/xdb/cropped/xdb-67k-single-arm-kettlebell-push-press-m2-square-600x600.jpg', 'https://www.bodybuilding.com/images/2020/xdb/cropped/xdb-67k-single-arm-kettlebell-push-press-m3-square-600x600.jpg']"
Push-press,https://www.bodybuilding.com/exercises/push-press,Quadriceps,Barbell,9.3,Average,"['https://www.bodybuilding.com/images/2020/xdb/cropped/xdb-39b-push-press-m2-square-600x600.jpg', nan]"
Suspended ab fall-out,https://www.bodybuilding.com/exercises/suspended-fallout,Abdominals,Other,9.3,Average,"['https://www.bodybuilding.com/images/2020/xdb/cropped/2019-xdb-158s-suspended-ab-fall-out-m2-600x600.jpg', nan]"
Reverse Band Box Squat,https://www.bodybuilding.com/exercises/reverse-band-box-squat,Quadriceps,,9.3,Average,"['https://www.bodybuilding.com/exercises/exerciseImages/sequences/753/Male/m/753_2.jpg', nan]"
Decline EZ-bar skullcrusher,https://www.bodybuilding.com/exercises/decline-ez-bar-triceps-extension,Triceps,E-Z Curl Bar,9.3,Average,"['https://www.bodybuilding.com/images/2020/xdb/cropped/xdb-47n-decline-ez-bar-skullcrusher-m1-square-600x600.jpg', 'https://www.bodybuilding.com/images/2020/xdb/cropped/xdb-47n-decline-ez-bar-skullcrusher-m2-square-600x600.jpg']"
Standing behind-the-back wrist curl,https://www.bodybuilding.com/exercises/standing-palms-up-barbell-behind-the-back-wrist-curl,Forearms,Barbell,9.3,Average,"['https://www.bodybuilding.com/images/2020/xdb/cropped/xdb-14b-standing-behind-the-back-wrist-curl-m1-square-600x600.jpg', nan]"
EZ-bar spider curl,https://www.bodybuilding.com/exercises/spider-curl,Biceps,Barbell,9.2,Average,"['https://www.bodybuilding.com/images/2020/xdb/cropped/xdb-18n-barbell-spider-curl-m1-square-600x600.jpg', nan]"
Front Squats With Two Kettlebells,https://www.bodybuilding.com/exercises/front-squats-with-two-kettlebells,Quadriceps,Kettlebells,9.2,Average,"['https://www.bodybuilding.com/exercises/exerciseImages/sequences/511/Male/m/511_1.jpg', 'https://www.bodybuilding.com/exercises/exerciseImages/sequences/511/Male/m/511_2.jpg']"
Hammer Curls,https://www.bodybuilding.com/exercises/hammer-curls,Biceps,Dumbbell,9.1,Average,"['https://www.bodybuilding.com/images/2020/xdb/cropped/xdb-7d-hammer-curl-m1-square-600x600.jpg', 'https://www.bodybuilding.com/images/2020/xdb/cropped/xdb-7d-hammer-curl-m2-square-600x600.jpg']"
Incline dumbbell bench press,https://www.bodybuilding.com/exercises/incline-dumbbell-press,Chest,Dumbbell,9.1,Average,"['https://www.bodybuilding.com/images/2020/xdb/cropped/xdb-3n-incline-dumbbell-bench-press-m1-square-600x600.jpg', 'https://www.bodybuilding.com/images/2020/xdb/cropped/xdb-3n-incline-dumbbell-bench-press-m2-square-600x600.jpg']"
Low-cable cross-over,https://www.bodybuilding.com/exercises/low-cable-crossover,Chest,Cable,9.1,Average,"['https://www.bodybuilding.com/images/2020/xdb/cropped/xdb-5c-low-cable-cross-over-m1-square-600x600.jpg', 'https://www.bodybuilding.com/images/2020/xdb/cropped/xdb-5c-low-cable-cross-over-m2-square-600x600.jpg']"
Single-arm high-cable side bend,https://www.bodybuilding.com/exercises/one-arm-high-pulley-cable-side-bends,Abdominals,Cable,9.1,Average,"['https://www.bodybuilding.com/images/2020/xdb/cropped/2019-xdb-107c-single-arm-high-cable-side-bend-m1-600x600.jpg', 'https://www.bodybuilding.com/images/2020/xdb/cropped/2019-xdb-107c-single-arm-high-cable-side-bend-m2-600x600.jpg']"
Seated Dumbbell Press,https://www.bodybuilding.com/exercises/seated-dumbbell-press,Shoulders,Dumbbell,9.1,Average,"['https://www.bodybuilding.com/images/2020/xdb/cropped/xdb-50e-seated-dumbbell-shoulder-press-m1-square-600x600.jpg', nan]"
Standing dumbbell shoulder press,https://www.bodybuilding.com/exercises/standing-dumbbell-press,Shoulders,Dumbbell,9.1,Average,"['https://www.bodybuilding.com/images/2020/xdb/cropped/xdb-104d-standing-dumbbell-shoulder-press-m1-square-600x600.jpg', nan]"
Single Leg Push-off,https://www.bodybuilding.com/exercises/single-leg-push-off,Quadriceps,Other,9.2,Average,"['https://www.bodybuilding.com/exercises/exerciseImages/sequences/818/Male/m/818_1.jpg', 'https://www.bodybuilding.com/exercises/exerciseImages/sequences/818/Male/m/818_2.jpg']"
Hip Circles (Prone),https://www.bodybuilding.com/exercises/hip-circles-prone,Abductors,,9.2,Average,"['https://www.bodybuilding.com/images/2020/may/874_1.jpg', 'https://www.bodybuilding.com/images/2020/may/874_2.jpg']"
Reverse-grip bent-over row,https://www.bodybuilding.com/exercises/reverse-grip-bent-over-rows,Middle Back,Barbell,9.2,Average,"['https://www.bodybuilding.com/images/2020/xdb/cropped/xdb-02b-reverse-grip-bent-over-row-m1-square-600x600.jpg', 'https://www.bodybuilding.com/images/2020/xdb/cropped/xdb-02b-reverse-grip-bent-over-row-m2-square-600x600.jpg']"
Seated Two-Arm Palms-Up Low-Pulley Wrist Curl,https://www.bodybuilding.com/exercises/seated-two-arm-palms-up-low-pulley-wrist-curl,Forearms,Cable,9.2,Average,"['https://www.bodybuilding.com/exercises/exerciseImages/sequences/7/Male/m/7_1.jpg', 'https://www.bodybuilding.com/exercises/exerciseImages/sequences/7/Male/m/7_2.jpg']"
Back extension,https://www.bodybuilding.com/exercises/hyperextensions-back-extensions,Lower Back,Body Only,9.1,Average,"['https://www.bodybuilding.com/images/2020/xdb/cropped/xdb-16m-back-extension-m1-square-600x600.jpg', 'https://www.bodybuilding.com/images/2020/xdb/cropped/xdb-16m-back-extension-m2-square-600x600.jpg']"
Close-grip bench press,https://www.bodybuilding.com/exercises/close-grip-barbell-bench-press,Chest,Barbell,9.1,Average,"['https://www.bodybuilding.com/images/2020/xdb/cropped/xdb-82e-close-grip-bench-press-m1-square-600x600.jpg', 'https://www.bodybuilding.com/images/2020/xdb/cropped/xdb-82e-close-grip-bench-press-m2-square-600x600.jpg']"
Cocoons,https://www.bodybuilding.com/exercises/cocoons,Abdominals,Body Only,9.1,Average,"['https://www.bodybuilding.com/images/2020/xdb/cropped/xdb-170a-cocoon-crunch-m1-square-600x600.jpg', 'https://www.bodybuilding.com/images/2020/xdb/cropped/xdb-170a-cocoon-crunch-m2-square-600x600.jpg']"
Cross-Body Crunch,https://www.bodybuilding.com/exercises/cross-body-crunch,Abdominals,Body Only,9.1,Average,"['https://www.bodybuilding.com/images/2020/xdb/cropped/xdb-176a-elbow-to-knee-crunch-m1-square-600x600.jpg', 'https://www.bodybuilding.com/images/2020/xdb/cropped/xdb-176a-elbow-to-knee-crunch-m2-square-600x600.jpg']"
Dumbbell Flyes,https://www.bodybuilding.com/exercises/dumbbell-flyes,Chest,Dumbbell,9.1,Average,"['https://www.bodybuilding.com/images/2020/xdb/cropped/xdb-31e-dumbbell-chest-fly-m1-square-600x600.jpg', nan]"
Incline dumbbell bench press,https://www.bodybuilding.com/exercises/incline-dumbbell-press,Chest,Dumbbell,9.1,Average,"['https://www.bodybuilding.com/images/2020/xdb/cropped/xdb-3n-incline-dumbbell-bench-press-m2-square-600x600.jpg', nan]"
Seated Dumbbell Press,https://www.bodybuilding.com/exercises/seated-dumbbell-press,Shoulders,Dumbbell,9.1,Average,"['https://www.bodybuilding.com/images/2020/xdb/cropped/xdb-50e-seated-dumbbell-shoulder-press-m1-square-600x600.jpg', 'https://www.bodybuilding.com/images/2020/xdb/cropped/xdb-50e-seated-dumbbell-shoulder-press-m2-square-600x600.jpg']"
Standing dumbbell shoulder press,https://www.bodybuilding.com/exercises/standing-dumbbell-press,Shoulders,Dumbbell,9.1,Average,"['https://www.bodybuilding.com/images/2020/xdb/cropped/xdb-104d-standing-dumbbell-shoulder-press-m1-square-600x600.jpg', 'https://www.bodybuilding.com/images/2020/xdb/cropped/xdb-104d-standing-dumbbell-shoulder-press-m2-square-600x600.jpg']"
EZ-Bar Curl,https://www.bodybuilding.com/exercises/ez-bar-curl,Biceps,E-Z Curl Bar,9.1,Average,"['https://www.bodybuilding.com/images/2020/xdb/cropped/2020-xdb-46s-standing-ez-bar-curl-m1-crop-600x600.jpg', nan]"
Leverage Shrug,https://www.bodybuilding.com/exercises/leverage-shrug,Traps,Machine,9.1,Average,"['https://www.bodybuilding.com/exercises/exerciseImages/sequences/898/Male/m/898_1.jpg', 'https://www.bodybuilding.com/images/2020/xdb/898_2.jpg']"
Cable V-bar push-down,https://www.bodybuilding.com/exercises/triceps-pushdown-v-bar-attachment,Triceps,Cable,9.1,Average,"['https://www.bodybuilding.com/images/2020/xdb/cropped/xdb-17c-cable-v-bar-push-down-m1-square-600x600.jpg', 'https://www.bodybuilding.com/images/2020/xdb/cropped/xdb-17c-cable-v-bar-push-down-m2-square-600x600.jpg']"
Wrist Roller,https://www.bodybuilding.com/exercises/wrist-roller,Forearms,Other,9.1,Average,"['https://www.bodybuilding.com/exercises/exerciseImages/sequences/142/Male/m/142_1.jpg', 'https://www.bodybuilding.com/exercises/exerciseImages/sequences/142/Male/m/142_2.jpg']"
Incline dumbbell reverse fly,https://www.bodybuilding.com/exercises/reverse-flyes,Shoulders,Dumbbell,9.1,Average,"['https://www.bodybuilding.com/images/2020/xdb/cropped/2020-xdb-13n-incline-dumbbell-reverse-fly-m1-crop-600x600.jpg', nan]"
Elbow-to-knee crunch,https://www.bodybuilding.com/exercises/elbow-to-knee,Abdominals,Body Only,9.1,Average,"['https://www.bodybuilding.com/images/2020/xdb/cropped/xdb-176a-elbow-to-knee-crunch-m1-square-600x600.jpg', 'https://www.bodybuilding.com/images/2020/xdb/cropped/xdb-176a-elbow-to-knee-crunch-m2-square-600x600.jpg']"
Kettlebell Pistol Squat,https://www.bodybuilding.com/exercises/kettlebell-pistol-squat,Quadriceps,Kettlebells,9.1,Average,"['https://www.bodybuilding.com/exercises/exerciseImages/sequences/521/Male/m/521_2.jpg', nan]"
Overhead dumbbell front raise,https://www.bodybuilding.com/exercises/standing-dumbbell-straight-arm-front-delt-raise-above-head,Shoulders,Dumbbell,9.1,Average,"['https://www.bodybuilding.com/images/2020/xdb/cropped/xdb-17d-overhead-dumbbell-front-raise-m1-square-600x600.jpg', nan]"
Seated dumbbell shoulder press,https://www.bodybuilding.com/exercises/dumbbell-shoulder-press,Shoulders,Dumbbell,9.0,Average,"['https://www.bodybuilding.com/images/2020/xdb/cropped/xdb-50e-seated-dumbbell-shoulder-press-m1-square-600x600.jpg', 'https://www.bodybuilding.com/images/2020/xdb/cropped/xdb-50e-seated-dumbbell-shoulder-press-m2-square-600x600.jpg']"
EZ-Bar Skullcrusher,https://www.bodybuilding.com/exercises/ez-bar-skullcrusher,Triceps,E-Z Curl Bar,9.0,Average,"['https://www.bodybuilding.com/images/2020/xdb/cropped/xdb-94s-ez-bar-skullcrusher-m1-square-600x600.jpg', 'https://www.bodybuilding.com/images/2020/xdb/cropped/xdb-94s-ez-bar-skullcrusher-m2-square-600x600.jpg']"
One-Arm Dumbbell Row,https://www.bodybuilding.com/exercises/one-arm-dumbbell-row,Middle Back,Dumbbell,9.0,Average,"['https://www.bodybuilding.com/images/2020/xdb/cropped/xdb-13e-single-arm-bench-dumbbell-row-m1-square-600x600.jpg', 'https://www.bodybuilding.com/images/2020/xdb/cropped/xdb-13e-single-arm-bench-dumbbell-row-m2-square-600x600.jpg']"
Alternating standing shoulder press,https://www.bodybuilding.com/exercises/standing-alternating-dumbbell-press,Shoulders,Dumbbell,9.0,Average,"['https://www.bodybuilding.com/images/2020/xdb/cropped/xdb-93d-alternating-standing-shoulder-press-m1-square-600x600.jpg', 'https://www.bodybuilding.com/images/2020/xdb/cropped/xdb-93d-alternating-standing-shoulder-press-m3-square-600x600.jpg']"
Concentration curl,https://www.bodybuilding.com/exercises/concentration-curls,Biceps,Dumbbell,9.0,Average,"['https://www.bodybuilding.com/images/2020/xdb/cropped/xdb-8e-concentration-curl-m1-square-600x600.jpg', nan]"
Decline Dumbbell Flyes,https://www.bodybuilding.com/exercises/decline-dumbbell-flyes,Chest,Dumbbell,9.0,Average,"['https://www.bodybuilding.com/images/2020/xdb/cropped/xdb-31n-decline-dumbbell-chest-fly-m2-square-600x600.jpg', nan]"
Reverse Grip Triceps Pushdown,https://www.bodybuilding.com/exercises/reverse-grip-triceps-pushdown,Triceps,Cable,9.0,Average,"['https://www.bodybuilding.com/images/2020/xdb/cropped/xdb-19c-reverse-grip-cable-straight-bar-push-down-m2-square-600x600.jpg', nan]"
Snatch-Grip Behind-The-Neck Overhead Press,https://www.bodybuilding.com/exercises/snatch-grip-behind-the-neck-overhead-press,Shoulders,Barbell,9.0,Average,"['https://www.bodybuilding.com/exercises/exerciseImages/sequences/4571/Male/m/4571_1.jpg', 'https://www.bodybuilding.com/exercises/exerciseImages/sequences/4571/Male/m/4571_2.jpg']"
Box Squat with Bands,https://www.bodybuilding.com/exercises/box-squat-with-bands,Quadriceps,Barbell,9.0,Average,"['https://www.bodybuilding.com/exercises/exerciseImages/sequences/666/Male/m/666_1.jpg', 'https://www.bodybuilding.com/exercises/exerciseImages/sequences/666/Male/m/666_2.jpg']"
Flexor Incline Dumbbell Curls,https://www.bodybuilding.com/exercises/flexor-incline-dumbbell-curls,Biceps,Dumbbell,9.0,Average,"['https://www.bodybuilding.com/exercises/exerciseImages/sequences/285/Male/m/285_1.jpg', nan]"
Seated One-Arm Dumbbell Palms-Up Wrist Curl,https://www.bodybuilding.com/exercises/seated-one-arm-dumbbell-palms-up-wrist-curl,Forearms,Dumbbell,9.0,Average,"['https://www.bodybuilding.com/exercises/exerciseImages/sequences/386/Male/m/386_1.jpg', nan]"
Machine Bicep Curl,https://www.bodybuilding.com/exercises/machine-bicep-curl,Biceps,Machine,9.0,Average,"['https://www.bodybuilding.com/exercises/exerciseImages/sequences/899/Male/m/899_2.jpg', nan]"
Seated Palms-Down Barbell Wrist Curl,https://www.bodybuilding.com/exercises/seated-palms-down-barbell-wrist-curl,Forearms,,9.0,Average,"['https://www.bodybuilding.com/exercises/exerciseImages/sequences/389/Male/m/389_1.jpg', 'https://www.bodybuilding.com/exercises/exerciseImages/sequences/389/Male/m/389_2.jpg']"
Single-arm incline rear delt raise,https://www.bodybuilding.com/exercises/dumbbell-lying-one-arm-rear-lateral-raise,Shoulders,Dumbbell,9.0,Average,"['https://www.bodybuilding.com/images/2020/xdb/cropped/xdb-14n-single-arm-incline-rear-delt-raise-m1-square-600x600.jpg', 'https://www.bodybuilding.com/images/2020/xdb/cropped/xdb-14n-single-arm-incline-rear-delt-raise-m2-square-600x600.jpg']"
Alternating dumbbell front raise,https://www.bodybuilding.com/exercises/front-dumbbell-raise,Shoulders,Dumbbell,9.0,Average,"['https://www.bodybuilding.com/images/2020/xdb/cropped/xdb-14d-alternating-dumbbell-front-raise-m1-square-600x600.jpg', 'https://www.bodybuilding.com/images/2020/xdb/cropped/xdb-14d-alternating-dumbbell-front-raise-m2-square-600x600.jpg']"
Hanging toes-to-bar,https://www.bodybuilding.com/exercises/hanging-pike,Abdominals,Body Only,9.0,Average,"['https://www.bodybuilding.com/images/2020/xdb/cropped/2019-xdb-128c-hanging-toes-to-bar-m1-600x600.jpg', 'https://www.bodybuilding.com/images/2020/xdb/cropped/2019-xdb-128c-hanging-toes-to-bar-m2-600x600.jpg']"
Narrow-stance squat,https://www.bodybuilding.com/exercises/narrow-stance-squats,Quadriceps,Barbell,9.0,Average,"['https://www.bodybuilding.com/images/2020/xdb/cropped/xdb-30a-narrow-stance-squat-m1-square-600x600.jpg', 'https://www.bodybuilding.com/images/2020/xdb/cropped/xdb-30a-narrow-stance-squat-m2-square-600x600.jpg']"
Kneeling cable oblique crunch,https://www.bodybuilding.com/exercises/oblique-cable-crunch,Abdominals,Cable,9.0,Average,"['https://www.bodybuilding.com/images/2020/xdb/cropped/xdb-36c-kneeling-cable-oblique-crunch-m1-square-600x600.jpg', 'https://www.bodybuilding.com/images/2020/xdb/cropped/xdb-36c-kneeling-cable-oblique-crunch-m2-square-600x600.jpg']"
Reverse Grip Triceps Pushdown,https://www.bodybuilding.com/exercises/reverse-grip-triceps-pushdown,Triceps,Cable,9.0,Average,"['https://www.bodybuilding.com/images/2020/xdb/cropped/xdb-19c-reverse-grip-cable-straight-bar-push-down-m1-square-600x600.jpg', 'https://www.bodybuilding.com/images/2020/xdb/cropped/xdb-19c-reverse-grip-cable-straight-bar-push-down-m2-square-600x600.jpg']"
Bear crawl sled drag,https://www.bodybuilding.com/exercises/bear-crawl-sled-drags-,Quadriceps,Other,9.0,Average,"['https://www.bodybuilding.com/images/2020/xdb/cropped/2020-xdb-153s-bear-crawl-sled-drag-m1-crop-600x600.jpg', 'https://www.bodybuilding.com/images/2020/xdb/cropped/2020-xdb-153s-bear-crawl-sled-drag-m4-crop-600x600.jpg']"
Rocky Pull-Ups/Pulldowns,https://www.bodybuilding.com/exercises/rocky-pull-upspulldowns,Lats,Other,9.0,Average,"['https://www.bodybuilding.com/exercises/exerciseImages/sequences/279/Male/m/279_1.jpg', 'https://www.bodybuilding.com/exercises/exerciseImages/sequences/279/Male/m/279_2.jpg']"
Hanging Oblique Knee Raise,https://www.bodybuilding.com/exercises/hanging-oblique-knee-raise,Abdominals,Body Only,9.0,Average,"['https://www.bodybuilding.com/images/2020/xdb/cropped/2019-xdb-120c-hanging-oblique-crunch-m1-600x600.jpg', 'https://www.bodybuilding.com/images/2020/xdb/cropped/2019-xdb-120c-hanging-oblique-crunch-m2-600x600.jpg']"
Bodyweight Flyes,https://www.bodybuilding.com/exercises/bodyweight-flyes,Chest,E-Z Curl Bar,9.0,Average,"['https://www.bodybuilding.com/images/2020/xdb/cropped/2019-xdb-182s-double-bar-roll-out-chest-fly-m1-600x600.jpg', 'https://www.bodybuilding.com/images/2020/xdb/cropped/2019-xdb-182s-double-bar-roll-out-chest-fly-m2-600x600.jpg']"
Standing Calf Raises,https://www.bodybuilding.com/exercises/standing-calf-raises,Calves,Machine,9.0,Average,"['https://www.bodybuilding.com/images/2020/xdb/cropped/xdb-117s-standing-calf-raise-m1-square-600x600.jpg', 'https://www.bodybuilding.com/images/2020/xdb/cropped/xdb-117s-standing-calf-raise-m2-square-600x600.jpg']"
Push-Ups - Close Triceps Position,https://www.bodybuilding.com/exercises/push-ups-close-triceps-position,Triceps,Body Only,9.0,Average,"['https://www.bodybuilding.com/images/2020/xdb/cropped/xdb-104a-close-push-up-m1-square-600x600.jpg', 'https://www.bodybuilding.com/images/2020/xdb/cropped/xdb-104a-close-push-up-m2-square-600x600.jpg']"
One-Arm Long Bar Row,https://www.bodybuilding.com/exercises/one-arm-long-bar-row,Middle Back,Barbell,9.0,Average,"['https://www.bodybuilding.com/images/2020/xdb/cropped/xdb-124s-single-arm-landmine-bent-over-row-m1-square-600x600.jpg', 'https://www.bodybuilding.com/images/2020/xdb/cropped/xdb-124s-single-arm-landmine-bent-over-row-m3-square-600x600.jpg']"
Single-dumbbell front raise,https://www.bodybuilding.com/exercises/single-dumbbell-raise,Shoulders,Dumbbell,9.0,Average,"['https://www.bodybuilding.com/images/2020/xdb/cropped/xdb-18d-single-dumbbell-front-raise-m1-square-600x600.jpg', 'https://www.bodybuilding.com/images/2020/xdb/cropped/xdb-18d-single-dumbbell-front-raise-m2-square-600x600.jpg']"
Incline cable chest fly,https://www.bodybuilding.com/exercises/incline-cable-flye,Chest,Cable,9.0,Average,"['https://www.bodybuilding.com/images/2020/xdb/cropped/xdb-10c-incline-cable-chest-fly-m1-square-600x600.jpg', 'https://www.bodybuilding.com/images/2020/xdb/cropped/xdb-10c-incline-cable-chest-fly-m2-square-600x600.jpg']"
Single-leg depth squat,https://www.bodybuilding.com/exercises/single-leg-high-box-squat,Quadriceps,Bands,9.0,Average,"['https://www.bodybuilding.com/images/2020/xdb/cropped/xdb-68e-single-leg-depth-squat-m1-square-600x600.jpg', 'https://www.bodybuilding.com/images/2020/xdb/cropped/xdb-68e-single-leg-depth-squat-m4-square-600x600.jpg']"
Dumbbell suitcase crunch,https://www.bodybuilding.com/exercises/weighted-suitcase-crunch,Abdominals,Medicine Ball,9.0,Average,"['https://www.bodybuilding.com/images/2020/xdb/cropped/xdb-50d-dumbbell-suitcase-crunch-m1-square-600x600.jpg', 'https://www.bodybuilding.com/images/2020/xdb/cropped/xdb-50d-dumbbell-suitcase-crunch-m2-square-600x600.jpg']"
Plate Twist,https://www.bodybuilding.com/exercises/plate-twist,Abdominals,Other,9.0,Average,"['https://www.bodybuilding.com/exercises/exerciseImages/sequences/106/Male/m/106_1.jpg', 'https://www.bodybuilding.com/exercises/exerciseImages/sequences/106/Male/m/106_2.jpg']"
Single-leg cable hip extension,https://www.bodybuilding.com/exercises/one-legged-cable-kickback,Glutes,Cable,9.0,Average,"['https://www.bodybuilding.com/images/2020/xdb/cropped/xdb-43c-single-leg-cable-hip-extension-m1-square-600x600.jpg', 'https://www.bodybuilding.com/images/2020/xdb/cropped/xdb-43c-single-leg-cable-hip-extension-m2-square-600x600.jpg']"
Weighted Jump Squat,https://www.bodybuilding.com/exercises/weighted-jump-squat-,Quadriceps,Barbell,9.0,Average,"['https://www.bodybuilding.com/exercises/exerciseImages/sequences/887/Male/m/887_1.jpg', 'https://www.bodybuilding.com/exercises/exerciseImages/sequences/887/Male/m/887_2.jpg']"
Weighted Crunches,https://www.bodybuilding.com/exercises/weighted-crunches,Abdominals,Other,8.9,Average,"['https://www.bodybuilding.com/images/2020/xdb/cropped/xdb-50d-dumbbell-suitcase-crunch-m1-square-600x600.jpg', 'https://www.bodybuilding.com/images/2020/xdb/cropped/xdb-50d-dumbbell-suitcase-crunch-m2-square-600x600.jpg']"
Single-arm cable triceps extension,https://www.bodybuilding.com/exercises/cable-one-arm-tricep-extension,Triceps,Cable,8.9,Average,"['https://www.bodybuilding.com/images/2020/xdb/cropped/xdb-31c-single-arm-cable-triceps-extension-m1-square-600x600.jpg', 'https://www.bodybuilding.com/images/2020/xdb/cropped/xdb-31c-single-arm-cable-triceps-extension-m2-square-600x600.jpg']"
Barbell roll-out,https://www.bodybuilding.com/exercises/barbell-ab-rollout,Abdominals,Barbell,8.9,Average,"['https://www.bodybuilding.com/images/2020/xdb/cropped/xdb-48b-barbell-roll-out-m1-square-600x600.jpg', 'https://www.bodybuilding.com/images/2020/xdb/cropped/xdb-48b-barbell-roll-out-m2-square-600x600.jpg']"
Kneeling cable crunch,https://www.bodybuilding.com/exercises/cable-crunch,Abdominals,Cable,8.9,Average,"['https://www.bodybuilding.com/images/2020/xdb/cropped/xdb-35c-kneeling-cable-crunch-m1-square-600x600.jpg', 'https://www.bodybuilding.com/images/2020/xdb/cropped/xdb-35c-kneeling-cable-crunch-m2-square-600x600.jpg']"
Hanging leg raise,https://www.bodybuilding.com/exercises/hanging-leg-raise,Abdominals,Body Only,8.9,Average,"['https://www.bodybuilding.com/images/2020/xdb/cropped/xdb-9m-hanging-leg-raise-m1-square-600x600.jpg', 'https://www.bodybuilding.com/images/2020/xdb/cropped/xdb-9m-hanging-leg-raise-m2-square-600x600.jpg']"
Barbell Ab Rollout - On Knees,https://www.bodybuilding.com/exercises/barbell-ab-rollout-on-knees,Abdominals,Barbell,8.9,Average,"['https://www.bodybuilding.com/images/2020/xdb/cropped/xdb-48b-barbell-roll-out-m1-square-600x600.jpg', 'https://www.bodybuilding.com/images/2020/xdb/cropped/xdb-48b-barbell-roll-out-m2-square-600x600.jpg']"
Barbell Squat,https://www.bodybuilding.com/exercises/barbell-squat,Quadriceps,Barbell,8.9,Average,"['https://www.bodybuilding.com/images/2020/xdb/cropped/xdb-50b-barbell-back-squat-m1-square-600x600.jpg', 'https://www.bodybuilding.com/images/2020/xdb/cropped/xdb-50b-barbell-back-squat-m2-square-600x600.jpg']"
Decline barbell bench press,https://www.bodybuilding.com/exercises/decline-barbell-bench-press,Chest,Barbell,8.9,Average,"['https://www.bodybuilding.com/images/2020/xdb/cropped/xdb-34n-decline-barbell-bench-press-m1-square-600x600.jpg', 'https://www.bodybuilding.com/images/2020/xdb/cropped/xdb-34n-decline-barbell-bench-press-m2-square-600x600.jpg']"
Barbell front squat,https://www.bodybuilding.com/exercises/front-barbell-squat,Quadriceps,Barbell,8.9,Average,"['https://www.bodybuilding.com/images/2020/xdb/cropped/xdb-51b-barbell-front-squat-m1-square-600x600.jpg', 'https://www.bodybuilding.com/images/2020/xdb/cropped/xdb-51b-barbell-front-squat-m2-square-600x600.jpg']"
Side-to-side box skip,https://www.bodybuilding.com/exercises/side-to-side-box-shuffle,Quadriceps,Body Only,8.9,Average,"['https://www.bodybuilding.com/images/2020/xdb/cropped/xdb-69e-side-to-side-box-skip-m1-square-600x600.jpg', 'https://www.bodybuilding.com/images/2020/xdb/cropped/xdb-69e-side-to-side-box-skip-m3-square-600x600.jpg']"
Smith machine shoulder press,https://www.bodybuilding.com/exercises/smith-machine-overhead-shoulder-press,Shoulders,Machine,8.9,Average,"['https://www.bodybuilding.com/images/2020/xdb/cropped/xdb-alt-31t-smith-machine-shoulder-press-m1-square-600x600.jpg', nan]"
Pull-up,https://www.bodybuilding.com/exercises/wide-grip-pull-up,Lats,Body Only,8.9,Average,"['https://www.bodybuilding.com/images/2020/xdb/cropped/xdb-92c-pull-up-m1-square-600x600.jpg', 'https://www.bodybuilding.com/images/2020/xdb/cropped/xdb-92c-pull-up-m2-square-600x600.jpg']"
Wide-grip bench press,https://www.bodybuilding.com/exercises/wide-grip-barbell-bench-press,Chest,Barbell,8.9,Average,"['https://www.bodybuilding.com/images/2020/xdb/cropped/xdb-84e-wide-grip-bench-press-m1-square-600x600.jpg', 'https://www.bodybuilding.com/images/2020/xdb/cropped/xdb-84e-wide-grip-bench-press-m2-square-600x600.jpg']"
Close-grip EZ-bar curl,https://www.bodybuilding.com/exercises/close-grip-ez-bar-curl,Biceps,Barbell,8.9,Average,"['https://www.bodybuilding.com/images/2020/xdb/cropped/xdb-47s-close-grip-ez-bar-curl-m1-square-600x600.jpg', 'https://www.bodybuilding.com/images/2020/xdb/cropped/xdb-47s-close-grip-ez-bar-curl-m2-square-600x600.jpg']"
T-Bar Row,https://www.bodybuilding.com/exercises/t-bar-row,Middle Back,Other,8.9,Average,"['https://www.bodybuilding.com/images/2020/xdb/3381_1.jpg', 'https://www.bodybuilding.com/images/2020/xdb/3381_2.jpg']"
Bent Over Two-Arm Long Bar Row,https://www.bodybuilding.com/exercises/bent-over-two-arm-long-bar-row,Middle Back,Barbell,8.9,Average,"['https://www.bodybuilding.com/exercises/exerciseImages/sequences/18/Male/m/18_1.jpg', 'https://www.bodybuilding.com/exercises/exerciseImages/sequences/18/Male/m/18_2.jpg']"
Alternating sit-through with crunch,https://www.bodybuilding.com/exercises/bent-over-one-arm-long-bar-row,Middle Back,Other,8.9,Average,"['https://www.bodybuilding.com/images/2020/xdb/cropped/xdb-124s-single-arm-landmine-bent-over-row-m1-square-600x600.jpg', 'https://www.bodybuilding.com/images/2020/xdb/cropped/xdb-124s-single-arm-landmine-bent-over-row-m3-square-600x600.jpg']"
Decline Close-Grip Bench To Skull Crusher,https://www.bodybuilding.com/exercises/decline-close-grip-bench-to-skull-crusher,Triceps,Barbell,8.9,Average,"['https://www.bodybuilding.com/exercises/exerciseImages/sequences/288/Male/m/288_1.jpg', 'https://www.bodybuilding.com/exercises/exerciseImages/sequences/288/Male/m/288_2.jpg']"
Lying Leg Curls,https://www.bodybuilding.com/exercises/lying-leg-curls,Hamstrings,Machine,8.9,Average,"['https://www.bodybuilding.com/images/2020/xdb/cropped/xdb-20m-lying-leg-curl-m1-square-600x600.jpg', 'https://www.bodybuilding.com/images/2020/xdb/cropped/xdb-20m-lying-leg-curl-m2-square-600x600.jpg']"
Cross-body hammer curl,https://www.bodybuilding.com/exercises/cross-body-hammer-curl,Biceps,Dumbbell,8.9,Average,"['https://www.bodybuilding.com/images/2020/xdb/cropped/xdb-4d-cross-body-hammer-curl-m1-square-600x600.jpg', 'https://www.bodybuilding.com/images/2020/xdb/cropped/xdb-4d-cross-body-hammer-curl-m2-square-600x600.jpg']"
Shotgun row,https://www.bodybuilding.com/exercises/shotgun-row,Lats,Cable,8.9,Average,"['https://www.bodybuilding.com/images/2020/xdb/cropped/xdb-37c-shotgun-row-m1-square-600x600.jpg', 'https://www.bodybuilding.com/images/2020/xdb/cropped/xdb-37c-shotgun-row-m2-square-600x600.jpg']"
Ab Roller,https://www.bodybuilding.com/exercises/ab-roller,Abdominals,Other,8.9,Average,"['https://www.bodybuilding.com/images/2020/xdb/cropped/xdb-2s-ab-wheel-roll-out-m1-square-600x600.jpg', 'https://www.bodybuilding.com/images/2020/xdb/cropped/xdb-2s-ab-wheel-roll-out-m2-square-600x600.jpg']"
Reverse-grip incline dumbbell bench press,https://www.bodybuilding.com/exercises/incline-dumbbell-press-reverse-grip,Chest,Dumbbell,8.9,Average,"['https://www.bodybuilding.com/images/2020/xdb/cropped/xdb-4n-reverse-grip-incline-dumbbell-bench-press-m1-square-600x600.jpg', 'https://www.bodybuilding.com/images/2020/xdb/cropped/xdb-4n-reverse-grip-incline-dumbbell-bench-press-m2-square-600x600.jpg']"
Leg Press,https://www.bodybuilding.com/exercises/leg-press,Quadriceps,Machine,8.8,Average,"['https://www.bodybuilding.com/images/2020/xdb/cropped/xdb-44m-leg-press-m1-square-600x600.jpg', 'https://www.bodybuilding.com/images/2020/xdb/cropped/xdb-44m-leg-press-m2-square-600x600.jpg']"
Stiff-Legged Dumbbell Deadlift,https://www.bodybuilding.com/exercises/stiff-legged-dumbbell-deadlift,Hamstrings,Dumbbell,8.8,Average,"['https://www.bodybuilding.com/images/2020/xdb/cropped/xdb-9d-dumbbell-stiff-legged-deadlift-m1-square-600x600.jpg', 'https://www.bodybuilding.com/images/2020/xdb/cropped/xdb-9d-dumbbell-stiff-legged-deadlift-m2-square-600x600.jpg']"
Tricep Dumbbell Kickback,https://www.bodybuilding.com/exercises/tricep-dumbbell-kickback,Triceps,Dumbbell,8.8,Average,"['https://www.bodybuilding.com/images/2020/xdb/cropped/xdb-76d-single-arm-triceps-kick-back-m2-square-600x600.jpg', 'https://www.bodybuilding.com/images/2020/xdb/cropped/xdb-76d-single-arm-triceps-kick-back-m3-square-600x600.jpg']"
Mountain climber,https://www.bodybuilding.com/exercises/mountain-climbers,Abdominals,Body Only,8.8,Average,"['https://www.bodybuilding.com/images/2020/xdb/cropped/xdb-201a-mountain-climber-m1-square-600x600.jpg', 'https://www.bodybuilding.com/images/2020/xdb/cropped/xdb-201a-mountain-climber-m3-square-600x600.jpg']"
Ab bicycle,https://www.bodybuilding.com/exercises/air-bike,Abdominals,Body Only,8.8,Average,"['https://www.bodybuilding.com/images/2020/xdb/cropped/xdb-73a-ab-cycle-m2-square-600x600.jpg', 'https://www.bodybuilding.com/images/2020/xdb/cropped/xdb-73a-ab-cycle-m3-square-600x600.jpg']"
Barbell forward lunge,https://www.bodybuilding.com/exercises/barbell-lunge,Quadriceps,Barbell,8.8,Average,"['https://www.bodybuilding.com/images/2020/xdb/cropped/xdb-43b-barbell-forward-lunge-m1-square-600x600.jpg', 'https://www.bodybuilding.com/images/2020/xdb/cropped/xdb-43b-barbell-forward-lunge-m2-square-600x600.jpg']"
3/4 sit-up,https://www.bodybuilding.com/exercises/34-sit-up,Abdominals,Body Only,8.8,Average,"['https://www.bodybuilding.com/images/2020/xdb/cropped/xdb-149a-34-sit-up-m1-square-600x600.jpg', 'https://www.bodybuilding.com/images/2020/xdb/cropped/xdb-149a-34-sit-up-m3-square-600x600.jpg']"
Exercise ball leg curl,https://www.bodybuilding.com/exercises/ball-leg-curl,Hamstrings,Exercise Ball,8.8,Average,"['https://www.bodybuilding.com/images/2020/xdb/cropped/xdb-21s-exercise-ball-leg-curl-m1-square-600x600.jpg', 'https://www.bodybuilding.com/images/2020/xdb/cropped/xdb-21s-exercise-ball-leg-curl-m2-square-600x600.jpg']"
Glute bridge,https://www.bodybuilding.com/exercises/butt-lift-bridge,Glutes,Body Only,8.8,Average,"['https://www.bodybuilding.com/images/2020/xdb/cropped/xdb-59a-glute-bridge-m1-square-600x600.jpg', 'https://www.bodybuilding.com/images/2020/xdb/cropped/xdb-59a-glute-bridge-m2-square-600x600.jpg']"
Close-Grip Front Lat Pulldown,https://www.bodybuilding.com/exercises/close-grip-front-lat-pulldown,Lats,Cable,8.8,Average,"['https://www.bodybuilding.com/images/2020/xdb/cropped/xdb-73c-close-grip-pull-down-m1-square-600x600.jpg', 'https://www.bodybuilding.com/images/2020/xdb/cropped/xdb-73c-close-grip-pull-down-m2-square-600x600.jpg']"
Dip Machine,https://www.bodybuilding.com/exercises/dip-machine,Triceps,Cable,8.8,Average,"['https://www.bodybuilding.com/exercises/exerciseImages/sequences/146/Male/m/146_1.jpg', 'https://www.bodybuilding.com/exercises/exerciseImages/sequences/146/Male/m/146_2.jpg']"
Preacher Curl,https://www.bodybuilding.com/exercises/preacher-curl,Biceps,Barbell,8.8,Average,"['https://www.bodybuilding.com/images/2020/xdb/cropped/xdb-55s-ez-bar-preacher-curl-m1-square-600x600.jpg', 'https://www.bodybuilding.com/images/2020/xdb/cropped/xdb-55s-ez-bar-preacher-curl-m2-square-600x600.jpg']"
Reverse crunch,https://www.bodybuilding.com/exercises/reverse-crunch,Abdominals,Body Only,8.8,Average,"['https://www.bodybuilding.com/images/2020/xdb/cropped/2019-xdb-263a-reverse-crunch-m1-600x600.jpg', 'https://www.bodybuilding.com/images/2020/xdb/cropped/2019-xdb-263a-reverse-crunch-m2-600x600.jpg']"
Standing Dumbbell Triceps Extension,https://www.bodybuilding.com/exercises/standing-dumbbell-triceps-extension,Triceps,Dumbbell,8.8,Average,"['https://www.bodybuilding.com/images/2020/june/345_1.jpg', 'https://www.bodybuilding.com/images/2020/june/345_2.jpg']"
Elliptical trainer,https://www.bodybuilding.com/exercises/elliptical-trainer,Quadriceps,Machine,8.8,Average,"['https://www.bodybuilding.com/images/2020/xdb/cropped/xdb-22m-elliptical-trainer-m1-square-600x600.jpg', 'https://www.bodybuilding.com/images/2020/xdb/cropped/xdb-22m-elliptical-trainer-m2-square-600x600.jpg']"
Bodyweight squat,https://www.bodybuilding.com/exercises/bodyweight-squat,Quadriceps,Body Only,8.8,Average,"['https://www.bodybuilding.com/images/2020/xdb/cropped/xdb-27a-bodyweight-squat-m1-square-600x600.jpg', 'https://www.bodybuilding.com/images/2020/xdb/cropped/xdb-27a-bodyweight-squat-m2-square-600x600.jpg']"
Bent Over Two-Dumbbell Row With Palms In,https://www.bodybuilding.com/exercises/bent-over-two-dumbbell-row-with-palms-in,Middle Back,Dumbbell,8.8,Average,"['https://www.bodybuilding.com/exercises/exerciseImages/sequences/17/Male/m/17_1.jpg', 'https://www.bodybuilding.com/exercises/exerciseImages/sequences/17/Male/m/17_2.jpg']"
Hex-bar deadlift,https://www.bodybuilding.com/exercises/trap-bar-deadlift,Quadriceps,Other,8.8,Average,"['https://www.bodybuilding.com/images/2020/xdb/cropped/xdb-123s-hex-bar-deadlift-m1-square-600x600.jpg', 'https://www.bodybuilding.com/images/2020/xdb/cropped/xdb-123s-hex-bar-deadlift-m2-square-600x600.jpg']"
Narrow-stance leg press,https://www.bodybuilding.com/exercises/narrow-stance-leg-press,Quadriceps,Machine,8.8,Average,"['https://www.bodybuilding.com/images/2020/xdb/cropped/xdb-46m-wide-stance-leg-press-m1-square-600x600.jpg', 'https://www.bodybuilding.com/images/2020/xdb/cropped/xdb-46m-wide-stance-leg-press-m2-square-600x600.jpg']"
Single-leg glute bridge,https://www.bodybuilding.com/exercises/single-leg-glute-bridge,Glutes,Body Only,8.8,Average,"['https://www.bodybuilding.com/images/2020/xdb/cropped/xdb-61a-single-leg-glute-bridge-m1-square-600x600.jpg', 'https://www.bodybuilding.com/images/2020/xdb/cropped/xdb-61a-single-leg-glute-bridge-m3-square-600x600.jpg']"
Barbell Curls Lying Against An Incline,https://www.bodybuilding.com/exercises/barbell-curls-lying-against-an-incline,Biceps,Barbell,8.8,Average,"['https://www.bodybuilding.com/exercises/exerciseImages/sequences/300/Male/m/300_1.jpg', 'https://www.bodybuilding.com/exercises/exerciseImages/sequences/300/Male/m/300_2.jpg']"
Standing Hip Circles,https://www.bodybuilding.com/exercises/standing-hip-circles,Abductors,Body Only,8.8,Average,"['https://www.bodybuilding.com/exercises/exerciseImages/sequences/873/Male/m/873_1.jpg', 'https://www.bodybuilding.com/exercises/exerciseImages/sequences/873/Male/m/873_2.jpg']"
Clam,https://www.bodybuilding.com/exercises/clam,Abductors,,8.8,Average,"['https://www.bodybuilding.com/images/2020/april/2843_1.jpg', 'https://www.bodybuilding.com/images/2020/april/2843_2.jpg']"
Dumbbell front raise,https://www.bodybuilding.com/exercises/front-two-dumbbell-raise,Shoulders,Dumbbell,8.8,Average,"['https://www.bodybuilding.com/images/2020/xdb/cropped/xdb-13d-dumbbell-front-raise-m2-square-600x600.jpg', nan]"
Parallel Bar Dip,https://www.bodybuilding.com/exercises/parallel-bar-dip,Triceps,Body Only,8.8,Average,"['https://www.bodybuilding.com/images/2020/xdb/cropped/xdb-1m-triceps-dip-m1-square-600x600.jpg', 'https://www.bodybuilding.com/images/2020/xdb/cropped/xdb-1m-triceps-dip-m2-square-600x600.jpg']"
Stairmaster,https://www.bodybuilding.com/exercises/stairmaster,Quadriceps,Machine,8.8,Average,"['https://www.bodybuilding.com/images/2020/xdb/cropped/xdb-51m-stair-climber-m1-square-600x600.jpg', 'https://www.bodybuilding.com/images/2020/xdb/cropped/xdb-51m-stair-climber-m2-square-600x600.jpg']"
Double Leg Butt Kick,https://www.bodybuilding.com/exercises/double-leg-butt-kick,Quadriceps,,8.8,Average,"['https://www.bodybuilding.com/exercises/exerciseImages/sequences/778/Male/m/778_1.jpg', 'https://www.bodybuilding.com/exercises/exerciseImages/sequences/778/Male/m/778_2.jpg']"
V-bar pull-up,https://www.bodybuilding.com/exercises/v-bar-pullup,Lats,,8.8,Average,"['https://www.bodybuilding.com/images/2020/xdb/cropped/2020-xdb-140c-v-bar-pull-up-m1-crop-600x600.jpg', nan]"
Burpee,https://www.bodybuilding.com/exercises/burpee,Quadriceps,Body Only,8.8,Average,"['https://www.bodybuilding.com/images/2020/xdb/cropped/xdb-38a-burpee-m4-square-600x600.jpg', nan]"
Double-arm triceps kick-back,https://www.bodybuilding.com/exercises/standing-bent-over-two-arm-dumbbell-triceps-extension,Triceps,Dumbbell,8.8,Average,"['https://www.bodybuilding.com/images/2020/xdb/cropped/xdb-75d-double-arm-triceps-kick-back-m2-square-600x600.jpg', 'https://www.bodybuilding.com/images/2020/xdb/cropped/xdb-75d-double-arm-triceps-kick-back-m3-square-600x600.jpg']"
Dumbbell reverse lunge,https://www.bodybuilding.com/exercises/dumbbell-rear-lunge,Quadriceps,Dumbbell,8.7,Average,"['https://www.bodybuilding.com/images/2020/xdb/cropped/xdb-83d-dumbbell-reverse-lunge-m1-square-600x600.jpg', nan]"
Seated Calf Raise,https://www.bodybuilding.com/exercises/seated-calf-raise,Calves,Machine,8.7,Average,"['https://www.bodybuilding.com/images/2020/xdb/cropped/xdb-13m-machine-seated-calf-raise-m1-square-600x600.jpg', 'https://www.bodybuilding.com/images/2020/xdb/cropped/xdb-13m-machine-seated-calf-raise-m2-square-600x600.jpg']"
Standing dumbbell shrug,https://www.bodybuilding.com/exercises/dumbbell-shrug,Traps,Dumbbell,8.7,Average,"['https://www.bodybuilding.com/images/2020/xdb/cropped/xdb-115d-standing-dumbbell-shrug-m1-square-600x600.jpg', 'https://www.bodybuilding.com/images/2020/xdb/cropped/xdb-115d-standing-dumbbell-shrug-m2-square-600x600.jpg']"
Single-arm dumbbell preacher curl,https://www.bodybuilding.com/exercises/one-arm-dumbbell-preacher-curl,Biceps,Dumbbell,8.7,Average,"['https://www.bodybuilding.com/images/2020/xdb/cropped/xdb-53s-single-arm-dumbbell-preacher-curl-m1-square-600x600.jpg', 'https://www.bodybuilding.com/images/2020/xdb/cropped/xdb-53s-single-arm-dumbbell-preacher-curl-m2-square-600x600.jpg']"
Step-up with knee raise,https://www.bodybuilding.com/exercises/step-up-with-knee-raise,Glutes,Body Only,8.7,Average,"['https://www.bodybuilding.com/images/2020/xdb/cropped/xdb-70e-step-up-with-knee-raise-m1-square-600x600.jpg', 'https://www.bodybuilding.com/images/2020/xdb/cropped/xdb-70e-step-up-with-knee-raise-m2-square-600x600.jpg']"
Smith machine back squat,https://www.bodybuilding.com/exercises/smith-machine-squat,Quadriceps,Machine,8.7,Average,"['https://www.bodybuilding.com/images/2020/xdb/cropped/xdb-18t-smith-machine-back-squat-m1-square-600x600.jpg', 'https://www.bodybuilding.com/images/2020/xdb/cropped/xdb-18t-smith-machine-back-squat-m2-square-600x600.jpg']"
Alternate Incline Dumbbell Curl,https://www.bodybuilding.com/exercises/alternate-incline-dumbbell-curl,Biceps,Dumbbell,8.7,Average,"['https://www.bodybuilding.com/images/2020/xdb/cropped/xdb-26n-alternating-incline-dumbbell-biceps-curl-m1-square-600x600.jpg', 'https://www.bodybuilding.com/images/2020/xdb/cropped/xdb-26n-alternating-incline-dumbbell-biceps-curl-m2-square-600x600.jpg']"
Standing dumbbell upright row,https://www.bodybuilding.com/exercises/standing-dumbbell-upright-row,Traps,Dumbbell,8.7,Average,"['https://www.bodybuilding.com/images/2020/xdb/cropped/xdb-125d-standing-dumbbell-upright-row-m1-square-600x600.jpg', 'https://www.bodybuilding.com/images/2020/xdb/cropped/xdb-125d-standing-dumbbell-upright-row-m2-square-600x600.jpg']"
Single-arm cable front raise,https://www.bodybuilding.com/exercises/front-cable-raise,Shoulders,Cable,8.7,Average,"['https://www.bodybuilding.com/images/2020/xdb/cropped/xdb-42c-single-arm-cable-front-raise-m1-square-600x600.jpg', 'https://www.bodybuilding.com/images/2020/xdb/cropped/xdb-42c-single-arm-cable-front-raise-m2-square-600x600.jpg']"
Two-Arm Kettlebell Military Press,https://www.bodybuilding.com/exercises/two-arm-kettlebell-military-press,Shoulders,Kettlebells,8.7,Average,"['https://www.bodybuilding.com/exercises/exerciseImages/sequences/530/Male/m/530_1.jpg', 'https://www.bodybuilding.com/exercises/exerciseImages/sequences/530/Male/m/530_2.jpg']"
Incline cable chest press,https://www.bodybuilding.com/exercises/incline-cable-chest-press,Chest,Cable,8.7,Average,"['https://www.bodybuilding.com/images/2020/xdb/cropped/xdb-11c-incline-cable-chest-press-m1-square-600x600.jpg', 'https://www.bodybuilding.com/images/2020/xdb/cropped/xdb-11c-incline-cable-chest-press-m2-square-600x600.jpg']"
Step-up with knee raise,https://www.bodybuilding.com/exercises/step-up-with-knee-raise,Glutes,Body Only,8.7,Average,"['https://www.bodybuilding.com/images/2020/xdb/cropped/xdb-70e-step-up-with-knee-raise-m2-square-600x600.jpg', nan]"
Incline dumbbell front raise,https://www.bodybuilding.com/exercises/front-incline-dumbbell-raise,Shoulders,Dumbbell,8.7,Average,"['https://www.bodybuilding.com/images/2020/xdb/cropped/xdb-11n-incline-dumbbell-front-raise-m1-square-600x600.jpg', 'https://www.bodybuilding.com/images/2020/xdb/cropped/xdb-11n-incline-dumbbell-front-raise-m2-square-600x600.jpg']"
Rope climb,https://www.bodybuilding.com/exercises/rope-climb,Lats,Body Only,8.7,Average,"['https://www.bodybuilding.com/images/2020/xdb/cropped/xdb-155s-rope-climb-m1-square-600x600.jpg', 'https://www.bodybuilding.com/images/2020/xdb/cropped/xdb-155s-rope-climb-m3-square-600x600.jpg']"
Cable Chest Press,https://www.bodybuilding.com/exercises/cable-chest-press,Chest,Cable,8.7,Average,"['https://www.bodybuilding.com/exercises/exerciseImages/sequences/870/Male/m/870_1.jpg', 'https://www.bodybuilding.com/exercises/exerciseImages/sequences/870/Male/m/870_2.jpg']"
Standing concentration curl,https://www.bodybuilding.com/exercises/standing-concentration-curl,Biceps,Dumbbell,8.7,Average,"['https://www.bodybuilding.com/images/2020/xdb/cropped/xdb-23d-standing-concentration-curl-m1-square-600x600.jpg', 'https://www.bodybuilding.com/images/2020/xdb/cropped/xdb-23d-standing-concentration-curl-m2-square-600x600.jpg']"
Wide-Grip Rear Pull-Up,https://www.bodybuilding.com/exercises/wide-grip-rear-pull-up,Lats,Body Only,8.7,Average,"['https://www.bodybuilding.com/exercises/exerciseImages/sequences/191/Male/m/191_1.jpg', 'https://www.bodybuilding.com/exercises/exerciseImages/sequences/191/Male/m/191_2.jpg']"
Kettlebell pass-through lunge,https://www.bodybuilding.com/exercises/lunge-pass-through,Hamstrings,Kettlebells,8.7,Average,"['https://www.bodybuilding.com/images/2020/xdb/cropped/xdb-57k-kettlebell-pass-through-lunge-m1-square-600x600.jpg', 'https://www.bodybuilding.com/images/2020/xdb/cropped/xdb-57k-kettlebell-pass-through-lunge-m4-square-600x600.jpg']"
Hands-elevated push-up,https://www.bodybuilding.com/exercises/incline-push-up-medium,Chest,Body Only,8.7,Average,"['https://www.bodybuilding.com/images/2020/xdb/cropped/xdb-18e-hands-elevated-push-up-m1-square-600x600.jpg', 'https://www.bodybuilding.com/images/2020/xdb/cropped/xdb-18e-hands-elevated-push-up-m2-square-600x600.jpg']"
Deadlift with Bands,https://www.bodybuilding.com/exercises/deadlift-with-bands,Lower Back,Barbell,8.7,Average,"['https://www.bodybuilding.com/exercises/exerciseImages/sequences/677/Male/m/677_1.jpg', 'https://www.bodybuilding.com/exercises/exerciseImages/sequences/677/Male/m/677_2.jpg']"
Straight-arm rope pull-down,https://www.bodybuilding.com/exercises/rope-straight-arm-pulldown,Lats,Cable,8.7,Average,"['https://www.bodybuilding.com/images/2020/xdb/cropped/2019-xdb-105c-straight-arm-rope-pull-down-m1-600x600.jpg', 'https://www.bodybuilding.com/images/2020/xdb/cropped/2019-xdb-105c-straight-arm-rope-pull-down-m2-600x600.jpg']"
Barbell Shoulder Press,https://www.bodybuilding.com/exercises/barbell-shoulder-press,Shoulders,Barbell,8.7,Average,"['https://www.bodybuilding.com/images/2020/xdb/cropped/xdb-48e-seated-barbell-shoulder-press-m1-square-600x600.jpg', 'https://www.bodybuilding.com/images/2020/xdb/cropped/xdb-48e-seated-barbell-shoulder-press-m2-square-600x600.jpg']"
Power clean,https://www.bodybuilding.com/exercises/power-clean,Hamstrings,Barbell,8.7,Average,"['https://www.bodybuilding.com/images/2020/xdb/cropped/xdb-25b-power-clean-m1-square-600x600.jpg', 'https://www.bodybuilding.com/images/2020/xdb/cropped/xdb-25b-power-clean-m4-square-600x600.jpg']"
Hang Snatch,https://www.bodybuilding.com/exercises/hang-snatch,Hamstrings,Barbell,8.7,Average,"['https://www.bodybuilding.com/exercises/exerciseImages/sequences/690/Male/m/690_1.jpg', 'https://www.bodybuilding.com/exercises/exerciseImages/sequences/690/Male/m/690_2.jpg']"
Kettlebell sumo deadlift high pull,https://www.bodybuilding.com/exercises/kettlebell-sumo-high-pull,Traps,Kettlebells,8.7,Average,"['https://www.bodybuilding.com/images/2020/xdb/cropped/xdb-49k-kettlebell-sumo-deadlift-high-pull-m1-square-600x600.jpg', 'https://www.bodybuilding.com/images/2020/xdb/cropped/xdb-49k-kettlebell-sumo-deadlift-high-pull-m3-square-600x600.jpg']"
Calf-Machine Shoulder Shrug,https://www.bodybuilding.com/exercises/calf-machine-shoulder-shrug,Traps,Machine,8.7,Average,"['https://www.bodybuilding.com/exercises/exerciseImages/sequences/184/Male/m/184_1.jpg', 'https://www.bodybuilding.com/exercises/exerciseImages/sequences/184/Male/m/184_2.jpg']"
Bench Press - Powerlifting,https://www.bodybuilding.com/exercises/bench-press-powerlifting,Triceps,Barbell,8.7,Average,"['https://www.bodybuilding.com/exercises/exerciseImages/sequences/663/Male/m/663_1.jpg', 'https://www.bodybuilding.com/exercises/exerciseImages/sequences/663/Male/m/663_2.jpg']"
Behind-the-head skullcrusher,https://www.bodybuilding.com/exercises/lying-close-grip-barbell-triceps-extension-behind-the-head,Triceps,Barbell,8.7,Average,"['https://www.bodybuilding.com/images/2020/xdb/cropped/xdb-56e-behind-the-head-skullcrusher-m1-square-600x600.jpg', 'https://www.bodybuilding.com/images/2020/xdb/cropped/xdb-56e-behind-the-head-skullcrusher-m2-square-600x600.jpg']"
Seated palms-up wrist curl,https://www.bodybuilding.com/exercises/seated-palm-up-barbell-wrist-curl,Forearms,Barbell,8.7,Average,"['https://www.bodybuilding.com/images/2020/xdb/cropped/xdb-65e-seated-palms-up-wrist-curl-m1-square-600x600.jpg', 'https://www.bodybuilding.com/images/2020/xdb/cropped/xdb-65e-seated-palms-up-wrist-curl-m2-square-600x600.jpg']"
Reverse Cable Curl,https://www.bodybuilding.com/exercises/reverse-cable-curl,Biceps,Cable,8.7,Average,"['https://www.bodybuilding.com/exercises/exerciseImages/sequences/141/Male/m/141_1.jpg', 'https://www.bodybuilding.com/exercises/exerciseImages/sequences/141/Male/m/141_2.jpg']"
Dumbbell side bend,https://www.bodybuilding.com/exercises/dumbbell-side-bend,Abdominals,Dumbbell,8.6,Average,"['https://www.bodybuilding.com/images/2020/xdb/cropped/xdb-102d-dumbbell-side-bend-m1-square-600x600.jpg', 'https://www.bodybuilding.com/images/2020/xdb/cropped/xdb-102d-dumbbell-side-bend-m2-square-600x600.jpg']"
Lat pull-down,https://www.bodybuilding.com/exercises/wide-grip-lat-pulldown,Lats,Cable,8.6,Average,"['https://www.bodybuilding.com/images/2020/xdb/cropped/xdb-72c-lat-pull-down-m1-square-600x600.jpg', nan]"
Side Lateral Raise,https://www.bodybuilding.com/exercises/side-lateral-raise,Shoulders,Dumbbell,8.6,Average,"['https://www.bodybuilding.com/images/2020/xdb/cropped/xdb-77d-dumbbell-lateral-raise-m1-square-600x600.jpg', 'https://www.bodybuilding.com/images/2020/xdb/cropped/xdb-77d-dumbbell-lateral-raise-m2-square-600x600.jpg']"
Alternating incline dumbbell biceps curl,https://www.bodybuilding.com/exercises/incline-dumbbell-curl,Biceps,Dumbbell,8.6,Average,"['https://www.bodybuilding.com/images/2020/xdb/cropped/xdb-26n-alternating-incline-dumbbell-biceps-curl-m1-square-600x600.jpg', 'https://www.bodybuilding.com/images/2020/xdb/cropped/xdb-26n-alternating-incline-dumbbell-biceps-curl-m2-square-600x600.jpg']"
Kettlebell One-Legged Deadlift,https://www.bodybuilding.com/exercises/kettlebell-one-legged-deadlift,Hamstrings,Kettlebells,8.6,Average,"['https://www.bodybuilding.com/images/2020/xdb/cropped/xdb-4k-single-leg-kettlebell-deadlift-m1-square-600x600.jpg', nan]"
Alternate Hammer Curl,https://www.bodybuilding.com/exercises/alternate-hammer-curl,Biceps,Dumbbell,8.6,Average,"['https://www.bodybuilding.com/images/2020/xdb/cropped/xdb-3d-alternating-hammer-curl-m1-square-600x600.jpg', 'https://www.bodybuilding.com/images/2020/xdb/cropped/xdb-3d-alternating-hammer-curl-m2-square-600x600.jpg']"
Decline Push-Up,https://www.bodybuilding.com/exercises/decline-push-up,Chest,Body Only,8.6,Average,"['https://www.bodybuilding.com/images/2020/xdb/cropped/xdb-20e-feet-elevated-push-up-m1-square-600x600.jpg', 'https://www.bodybuilding.com/images/2020/xdb/cropped/xdb-20e-feet-elevated-push-up-m2-square-600x600.jpg']"
Captain's chair knee raise,https://www.bodybuilding.com/exercises/kneehip-raise-on-parallel-bars,Abdominals,Other,8.6,Average,"['https://www.bodybuilding.com/images/2020/xdb/cropped/xdb-5m-captains-chair-knee-raise-m1-square-600x600.jpg', 'https://www.bodybuilding.com/images/2020/xdb/cropped/xdb-5m-captains-chair-knee-raise-m2-square-600x600.jpg']"
Triceps Pushdown,https://www.bodybuilding.com/exercises/triceps-pushdown,Triceps,Cable,8.6,Average,"['https://www.bodybuilding.com/images/2020/xdb/cropped/xdb-17c-cable-v-bar-push-down-m1-square-600x600.jpg', 'https://www.bodybuilding.com/images/2020/xdb/cropped/xdb-17c-cable-v-bar-push-down-m2-square-600x600.jpg']"
Rope Crunch,https://www.bodybuilding.com/exercises/rope-crunch,Abdominals,Cable,8.6,Average,"['https://www.bodybuilding.com/images/2020/xdb/cropped/xdb-35c-kneeling-cable-crunch-m1-square-600x600.jpg', 'https://www.bodybuilding.com/images/2020/xdb/cropped/xdb-35c-kneeling-cable-crunch-m2-square-600x600.jpg']"
Band Hip Adductions,https://www.bodybuilding.com/exercises/band-hip-adductions,Adductors,Bands,8.6,Average,"['https://www.bodybuilding.com/exercises/exerciseImages/sequences/850/Male/m/850_2.jpg', nan]"
Single-arm kettlebell clean,https://www.bodybuilding.com/exercises/one-arm-kettlebell-clean,Hamstrings,Kettlebells,8.6,Average,"['https://www.bodybuilding.com/images/2020/xdb/cropped/xdb-80k-single-arm-kettlebell-clean-m1-square-600x600.jpg', 'https://www.bodybuilding.com/images/2020/xdb/cropped/xdb-80k-single-arm-kettlebell-clean-m2-square-600x600.jpg']"
Preacher Hammer Dumbbell Curl,https://www.bodybuilding.com/exercises/preacher-hammer-dumbbell-curl,Biceps,Dumbbell,8.6,Average,"['https://www.bodybuilding.com/exercises/exerciseImages/sequences/155/Male/m/155_1.jpg', 'https://www.bodybuilding.com/exercises/exerciseImages/sequences/155/Male/m/155_2.jpg']"
Alternating Kettlebell Press,https://www.bodybuilding.com/exercises/alternating-kettlebell-press,Shoulders,Kettlebells,8.6,Average,"['https://www.bodybuilding.com/exercises/exerciseImages/sequences/504/Male/m/504_1.jpg', 'https://www.bodybuilding.com/exercises/exerciseImages/sequences/504/Male/m/504_2.jpg']"
Split Squat with Dumbbells,https://www.bodybuilding.com/exercises/split-squat-with-dumbbells,Quadriceps,Dumbbell,8.6,Average,"['https://www.bodybuilding.com/images/2020/xdb/cropped/xdb-61e-dumbbell-bulgarian-split-squat-m1-square-600x600.jpg', 'https://www.bodybuilding.com/images/2020/xdb/cropped/xdb-61e-dumbbell-bulgarian-split-squat-m2-square-600x600.jpg']"
Kneeling Squat,https://www.bodybuilding.com/exercises/kneeling-squat,Glutes,Barbell,8.6,Average,"['https://www.bodybuilding.com/exercises/exerciseImages/sequences/697/Male/m/697_1.jpg', 'https://www.bodybuilding.com/exercises/exerciseImages/sequences/697/Male/m/697_2.jpg']"
Close-grip barbell curl,https://www.bodybuilding.com/exercises/close-grip-standing-barbell-curl,Biceps,Barbell,8.6,Average,"['https://www.bodybuilding.com/images/2020/xdb/cropped/xdb-20b-close-grip-barbell-curl-m1-square-600x600.jpg', 'https://www.bodybuilding.com/images/2020/xdb/cropped/xdb-20b-close-grip-barbell-curl-m2-square-600x600.jpg']"
Leverage Incline Chest Press,https://www.bodybuilding.com/exercises/leverage-incline-chest-press,Chest,Machine,8.6,Average,"['https://www.bodybuilding.com/exercises/exerciseImages/sequences/893/Male/m/893_1.jpg', 'https://www.bodybuilding.com/exercises/exerciseImages/sequences/893/Male/m/893_2.jpg']"
Kettlebell Turkish Get-Up (Squat style),https://www.bodybuilding.com/exercises/kettlebell-turkish-get-up-squat-style,Shoulders,,8.6,Average,"['https://www.bodybuilding.com/exercises/exerciseImages/sequences/527/Male/m/527_1.jpg', 'https://www.bodybuilding.com/exercises/exerciseImages/sequences/527/Male/m/527_2.jpg']"
Crunch - Hands Overhead,https://www.bodybuilding.com/exercises/crunch-hands-overhead,Abdominals,Body Only,8.6,Average,"['https://www.bodybuilding.com/exercises/exerciseImages/sequences/113/Male/m/113_1.jpg', 'https://www.bodybuilding.com/exercises/exerciseImages/sequences/113/Male/m/113_2.jpg']"
Cable Internal Rotation,https://www.bodybuilding.com/exercises/cable-internal-rotation,Shoulders,Cable,8.6,Average,"['https://www.bodybuilding.com/exercises/exerciseImages/sequences/315/Male/m/315_1.jpg', 'https://www.bodybuilding.com/exercises/exerciseImages/sequences/315/Male/m/315_2.jpg']"
Leg Extensions,https://www.bodybuilding.com/exercises/leg-extensions,Quadriceps,Machine,8.5,Average,"['https://www.bodybuilding.com/images/2020/xdb/cropped/xdb-18m-leg-extension-m1-square-600x600.jpg', 'https://www.bodybuilding.com/images/2020/xdb/cropped/xdb-18m-leg-extension-m2-square-600x600.jpg']"
Standing One-Arm Dumbbell Curl Over Incline Bench,https://www.bodybuilding.com/exercises/standing-one-arm-dumbbell-curl-over-incline-bench,Biceps,,8.6,Average,"['https://www.bodybuilding.com/exercises/exerciseImages/sequences/339/Male/m/339_1.jpg', 'https://www.bodybuilding.com/exercises/exerciseImages/sequences/339/Male/m/339_2.jpg']"
Standing Olympic Plate Hand Squeeze,https://www.bodybuilding.com/exercises/standing-olympic-plate-hand-squeeze,Forearms,Other,8.6,Average,"['https://www.bodybuilding.com/exercises/exerciseImages/sequences/6/Male/m/6_1.jpg', 'https://www.bodybuilding.com/exercises/exerciseImages/sequences/6/Male/m/6_2.jpg']"
Sledgehammer swing,https://www.bodybuilding.com/exercises/sledgehammer-swings,Abdominals,Other,8.6,Average,"['https://www.bodybuilding.com/images/2020/xdb/cropped/2019-xdb-186s-sledghehammer-swing-m1-600x600.jpg', 'https://www.bodybuilding.com/images/2020/xdb/cropped/2019-xdb-186s-sledghehammer-swing-m3-600x600.jpg']"
Single-arm kettlebell snatch,https://www.bodybuilding.com/exercises/one-arm-kettlebell-snatch,Shoulders,Kettlebells,8.6,Average,"['https://www.bodybuilding.com/images/2020/xdb/cropped/xdb-79k-single-arm-kettlebell-snatch-m1-square-600x600.jpg', 'https://www.bodybuilding.com/images/2020/xdb/cropped/xdb-79k-single-arm-kettlebell-snatch-m2-square-600x600.jpg']"
Box jump,https://www.bodybuilding.com/exercises/front-box-jump,Hamstrings,Other,8.6,Average,"['https://www.bodybuilding.com/images/2020/xdb/cropped/xdb-75e-box-jump-m1-square-600x600.jpg', 'https://www.bodybuilding.com/images/2020/xdb/cropped/xdb-75e-box-jump-m3-square-600x600.jpg']"
Standing cable crunch,https://www.bodybuilding.com/exercises/standing-rope-crunch,Abdominals,Cable,8.6,Average,"['https://www.bodybuilding.com/images/2020/xdb/cropped/xdb-34c-standing-cable-crunch-m1-square-600x600.jpg', 'https://www.bodybuilding.com/images/2020/xdb/cropped/xdb-34c-standing-cable-crunch-m2-square-600x600.jpg']"
Standing barbell overhead triceps extension,https://www.bodybuilding.com/exercises/standing-overhead-barbell-triceps-extension,Triceps,Barbell,8.6,Average,"['https://www.bodybuilding.com/images/2020/xdb/cropped/xdb-60b-standing-barbell-overhead-triceps-extension-m1-square-600x600.jpg', 'https://www.bodybuilding.com/images/2020/xdb/cropped/xdb-60b-standing-barbell-overhead-triceps-extension-m2-square-600x600.jpg']"
Lying cable triceps extension,https://www.bodybuilding.com/exercises/cable-lying-triceps-extension,Triceps,Cable,8.6,Average,"['https://www.bodybuilding.com/images/2020/xdb/cropped/xdb-62c-lying-cable-triceps-extension-m1-square-600x600.jpg', 'https://www.bodybuilding.com/images/2020/xdb/cropped/xdb-62c-lying-cable-triceps-extension-m2-square-600x600.jpg']"
Decline dumbbell bench press,https://www.bodybuilding.com/exercises/decline-dumbbell-bench-press,Chest,Dumbbell,8.5,Average,"['https://www.bodybuilding.com/images/2020/xdb/cropped/xdb-33n-decline-dumbbell-bench-press-m1-square-600x600.jpg', 'https://www.bodybuilding.com/images/2020/xdb/cropped/xdb-33n-decline-dumbbell-bench-press-m2-square-600x600.jpg']"
V-up,https://www.bodybuilding.com/exercises/jackknife-sit-up,Abdominals,Body Only,8.5,Average,"['https://www.bodybuilding.com/images/2020/xdb/cropped/xdb-76a-v-up-m1-square-600x600.jpg', 'https://www.bodybuilding.com/images/2020/xdb/cropped/xdb-76a-v-up-m2-square-600x600.jpg']"
Barbell Bulgarian split squat,https://www.bodybuilding.com/exercises/one-leg-barbell-squat,Quadriceps,Barbell,8.5,Average,"['https://www.bodybuilding.com/images/2020/xdb/cropped/2020-xdb-60e-barbell-bulgarian-split-squat-m1-crop-600x600.jpg', 'https://www.bodybuilding.com/images/2020/xdb/cropped/2020-xdb-60e-barbell-bulgarian-split-squat-m2-crop-600x600.jpg']"
Reverse-grip lat pull-down,https://www.bodybuilding.com/exercises/underhand-cable-pulldowns,Lats,Machine,8.5,Average,"['https://www.bodybuilding.com/images/2020/xdb/cropped/xdb-74c-reverse-grip-lat-pull-down-m1-square-600x600.jpg', 'https://www.bodybuilding.com/images/2020/xdb/cropped/xdb-74c-reverse-grip-lat-pull-down-m2-square-600x600.jpg']"
Standing Biceps Cable Curl,https://www.bodybuilding.com/exercises/standing-biceps-cable-curl,Biceps,Cable,8.5,Average,"['https://www.bodybuilding.com/images/2020/xdb/cropped/xdb-22c-cable-straight-bar-biceps-curl-m1-square-600x600.jpg', 'https://www.bodybuilding.com/images/2020/xdb/cropped/xdb-22c-cable-straight-bar-biceps-curl-m2-square-600x600.jpg']"
Single-arm cable seated row,https://www.bodybuilding.com/exercises/seated-one-arm-cable-pulley-rows,Middle Back,Cable,8.5,Average,"['https://www.bodybuilding.com/images/2020/xdb/cropped/xdb-82c-single-arm-cable-seated-row-m1-square-600x600.jpg', 'https://www.bodybuilding.com/images/2020/xdb/cropped/xdb-82c-single-arm-cable-seated-row-m2-square-600x600.jpg']"
Single-arm kettlebell row,https://www.bodybuilding.com/exercises/one-arm-dumbbell-bench-press,Chest,Dumbbell,8.5,Average,"['https://www.bodybuilding.com/images/2020/xdb/cropped/xdb-12e-single-arm-dumbbell-bench-press-m1-square-600x600.jpg', 'https://www.bodybuilding.com/images/2020/xdb/cropped/xdb-12e-single-arm-dumbbell-bench-press-m2-square-600x600.jpg']"
Scissors Jump,https://www.bodybuilding.com/exercises/scissors-jump,Quadriceps,Body Only,8.5,Average,"['https://www.bodybuilding.com/images/2020/xdb/cropped/xdb-42a-alternating-lunge-jump-m4-square-600x600.jpg', 'https://www.bodybuilding.com/images/2020/xdb/cropped/xdb-42a-alternating-lunge-jump-m5-square-600x600.jpg']"
Wide Stance Stiff Legs,https://www.bodybuilding.com/exercises/wide-stance-stiff-legs,Hamstrings,Barbell,8.5,Average,"['https://www.bodybuilding.com/exercises/exerciseImages/sequences/744/Male/m/744_1.jpg', 'https://www.bodybuilding.com/exercises/exerciseImages/sequences/744/Male/m/744_2.jpg']"
Rack Pull with Bands,https://www.bodybuilding.com/exercises/rack-pull-with-bands,Lower Back,Barbell,8.5,Average,"['https://www.bodybuilding.com/exercises/exerciseImages/sequences/741/Male/m/741_1.jpg', 'https://www.bodybuilding.com/exercises/exerciseImages/sequences/741/Male/m/741_2.jpg']"
Drag curl,https://www.bodybuilding.com/exercises/drag-curl,Biceps,Barbell,8.5,Average,"['https://www.bodybuilding.com/images/2020/xdb/cropped/xdb-11b-drag-curl-m1-square-600x600.jpg', 'https://www.bodybuilding.com/images/2020/xdb/cropped/xdb-11b-drag-curl-m2-square-600x600.jpg']"
Close push-up to wide push-up,https://www.bodybuilding.com/exercises/pushups-close-and-wide-hand-positions,Chest,Body Only,8.5,Average,"['https://www.bodybuilding.com/images/2020/xdb/cropped/xdb-105a-close-push-up-to-wide-push-up-m1-square-600x600.jpg', 'https://www.bodybuilding.com/images/2020/xdb/cropped/xdb-105a-close-push-up-to-wide-push-up-m4-square-600x600.jpg']"
Single-arm dumbbell triceps extension,https://www.bodybuilding.com/exercises/dumbbell-one-arm-triceps-extension,Triceps,Dumbbell,8.5,Average,"['https://www.bodybuilding.com/images/2020/xdb/cropped/xdb-130d-single-arm-dumbbell-triceps-extension-m2-square-600x600.jpg', 'https://www.bodybuilding.com/images/2020/xdb/cropped/xdb-130d-single-arm-dumbbell-triceps-extension-m3-square-600x600.jpg']"
Butterfly,https://www.bodybuilding.com/exercises/butterfly,Chest,Machine,8.5,Average,"['https://www.bodybuilding.com/images/2020/xdb/cropped/xdb-53m-machine-chest-fly-m1-square-600x600.jpg', 'https://www.bodybuilding.com/images/2020/xdb/cropped/xdb-53m-machine-chest-fly-m2-square-600x600.jpg']"
Seated face pull,https://www.bodybuilding.com/exercises/low-pulley-row-to-neck,Shoulders,Cable,8.5,Average,"['https://www.bodybuilding.com/images/2020/xdb/cropped/xdb-70c-seated-face-pull-m1-square-600x600.jpg', 'https://www.bodybuilding.com/images/2020/xdb/cropped/xdb-70c-seated-face-pull-m2-square-600x600.jpg']"
Single-arm bent-over cable rear delt fly,https://www.bodybuilding.com/exercises/bent-over-low-pulley-side-lateral,Shoulders,Cable,8.5,Average,"['https://www.bodybuilding.com/images/2020/xdb/cropped/xdb-48c-single-arm-cable-rear-delt-fly-m1-square-600x600.jpg', 'https://www.bodybuilding.com/images/2020/xdb/cropped/xdb-48c-single-arm-cable-rear-delt-fly-m2-square-600x600.jpg']"
Clean,https://www.bodybuilding.com/exercises/clean,Hamstrings,Barbell,8.5,Average,"['https://www.bodybuilding.com/exercises/exerciseImages/sequences/669/Male/m/669_1.jpg', 'https://www.bodybuilding.com/exercises/exerciseImages/sequences/669/Male/m/669_2.jpg']"
Single-arm incline lateral raise,https://www.bodybuilding.com/exercises/one-arm-incline-lateral-raise,Shoulders,Dumbbell,8.5,Average,"['https://www.bodybuilding.com/images/2020/xdb/cropped/xdb-24n-single-arm-incline-lateral-raise-m1-square-600x600.jpg', nan]"
Decline bar press sit-up,https://www.bodybuilding.com/exercises/press-sit-up,Abdominals,Barbell,8.5,Average,"['https://www.bodybuilding.com/images/2020/xdb/cropped/xdb-44n-decline-press-sit-up-m1-square-600x600.jpg', nan]"
Barbell rear delt bent-over row,https://www.bodybuilding.com/exercises/barbell-rear-delt-row,Shoulders,Barbell,8.5,Average,"['https://www.bodybuilding.com/images/2020/xdb/cropped/xdb-03b-barbell-rear-delt-bent-over-row-m1-square-600x600.jpg', 'https://www.bodybuilding.com/images/2020/xdb/cropped/xdb-03b-barbell-rear-delt-bent-over-row-m2-square-600x600.jpg']"
Calf Press,https://www.bodybuilding.com/exercises/calf-press,Calves,Machine,8.5,Average,"['https://www.bodybuilding.com/images/2020/xdb/cropped/xdb-117s-standing-calf-raise-m1-square-600x600.jpg', 'https://www.bodybuilding.com/images/2020/xdb/cropped/xdb-117s-standing-calf-raise-m2-square-600x600.jpg']"
Kettlebell alternating renegade row,https://www.bodybuilding.com/exercises/alternating-renegade-row,Middle Back,Kettlebells,8.5,Average,"['https://www.bodybuilding.com/images/2020/xdb/cropped/xdb-11k-kettlebell-alternating-renegade-row-m1-square-600x600.jpg', 'https://www.bodybuilding.com/images/2020/xdb/cropped/xdb-11k-kettlebell-alternating-renegade-row-m2-square-600x600.jpg']"
Bosu Ball Cable Crunch With Side Bends,https://www.bodybuilding.com/exercises/bosu-ball-cable-crunch-with-side-bends,Abdominals,Cable,8.5,Average,"['https://www.bodybuilding.com/exercises/exerciseImages/sequences/932/Male/m/932_1.jpg', 'https://www.bodybuilding.com/exercises/exerciseImages/sequences/932/Male/m/932_2.jpg']"
Stomach Vacuum,https://www.bodybuilding.com/exercises/stomach-vacuum,Abdominals,Body Only,8.5,Average,"['https://www.bodybuilding.com/exercises/exerciseImages/sequences/243/Male/m/243_1.jpg', 'https://www.bodybuilding.com/exercises/exerciseImages/sequences/243/Male/m/243_2.jpg']"
Hammer Grip Incline DB Bench Press,https://www.bodybuilding.com/exercises/hammer-grip-incline-db-bench-press,Chest,Dumbbell,8.5,Average,"['https://www.bodybuilding.com/exercises/exerciseImages/sequences/60/Male/m/60_1.jpg', 'https://www.bodybuilding.com/exercises/exerciseImages/sequences/60/Male/m/60_2.jpg']"
Wide-grip hands-elevated push-up,https://www.bodybuilding.com/exercises/incline-push-up-wide,Chest,Body Only,8.5,Average,"['https://www.bodybuilding.com/images/2020/xdb/cropped/xdb-19e-wide-grip-hands-elevated-push-up-m1-square-600x600.jpg', 'https://www.bodybuilding.com/images/2020/xdb/cropped/xdb-19e-wide-grip-hands-elevated-push-up-m2-square-600x600.jpg']"
Decline Dumbbell Triceps Extension,https://www.bodybuilding.com/exercises/decline-dumbbell-triceps-extension,Triceps,Dumbbell,8.5,Average,"['https://www.bodybuilding.com/exercises/exerciseImages/sequences/167/Male/m/167_1.jpg', 'https://www.bodybuilding.com/exercises/exerciseImages/sequences/167/Male/m/167_2.jpg']"
Feet-elevated push-up,https://www.bodybuilding.com/exercises/push-ups-with-feet-elevated,Chest,Body Only,8.5,Average,"['https://www.bodybuilding.com/images/2020/xdb/cropped/xdb-20e-feet-elevated-push-up-m1-square-600x600.jpg', 'https://www.bodybuilding.com/images/2020/xdb/cropped/xdb-20e-feet-elevated-push-up-m2-square-600x600.jpg']"
Good Morning,https://www.bodybuilding.com/exercises/good-morning,Hamstrings,Barbell,8.5,Average,"['https://www.bodybuilding.com/images/2020/xdb/cropped/xdb-09b-barbell-good-morning-m1-square-600x600.jpg', 'https://www.bodybuilding.com/images/2020/xdb/cropped/xdb-09b-barbell-good-morning-m2-square-600x600.jpg']"
Leverage Chest Press,https://www.bodybuilding.com/exercises/leverage-chest-press,Chest,Machine,8.5,Average,"['https://www.bodybuilding.com/images/2020/xdb/cropped/xdb-65m-machine-chest-press-m1-square-600x600.jpg', 'https://www.bodybuilding.com/images/2020/xdb/cropped/xdb-65m-machine-chest-press-m2-square-600x600.jpg']"
Gironda Sternum Chins,https://www.bodybuilding.com/exercises/gironda-sternum-chins,Lats,Other,8.5,Average,"['https://www.bodybuilding.com/exercises/exerciseImages/sequences/292/Male/m/292_1.jpg', 'https://www.bodybuilding.com/exercises/exerciseImages/sequences/292/Male/m/292_2.jpg']"
Exercise ball crunch,https://www.bodybuilding.com/exercises/exercise-ball-crunch,Abdominals,Exercise Ball,8.4,Average,"['https://www.bodybuilding.com/images/2020/xdb/cropped/xdb-23s-exercise-ball-crunch-m1-square-600x600.jpg', 'https://www.bodybuilding.com/images/2020/xdb/cropped/xdb-23s-exercise-ball-crunch-m2-square-600x600.jpg']"
Seated rear delt fly,https://www.bodybuilding.com/exercises/seated-bent-over-rear-delt-raise,Shoulders,Dumbbell,8.4,Average,"['https://www.bodybuilding.com/images/2020/xdb/cropped/xdb-47e-seated-rear-delt-fly-m1-square-600x600.jpg', 'https://www.bodybuilding.com/images/2020/xdb/cropped/xdb-47e-seated-rear-delt-fly-m2-square-600x600.jpg']"
Standing face pull,https://www.bodybuilding.com/exercises/face-pull,Shoulders,Cable,8.4,Average,"['https://www.bodybuilding.com/images/2020/xdb/cropped/xdb-40c-standing-face-pull-m1-square-600x600.jpg', 'https://www.bodybuilding.com/images/2020/xdb/cropped/xdb-40c-standing-face-pull-m2-square-600x600.jpg']"
Glute Ham Raise,https://www.bodybuilding.com/exercises/glute-ham-raise,Hamstrings,Machine,8.4,Average,"['https://www.bodybuilding.com/images/2020/xdb/cropped/xdb-25m-glute-ham-raise-m1-square-600x600.jpg', 'https://www.bodybuilding.com/images/2020/xdb/cropped/xdb-25m-glute-ham-raise-m2-square-600x600.jpg']"
Russian twist,https://www.bodybuilding.com/exercises/russian-twist,Abdominals,Body Only,8.4,Average,"['https://www.bodybuilding.com/images/2020/xdb/cropped/2019-xdb-262a-russian-twist-m1-600x600.jpg', 'https://www.bodybuilding.com/images/2020/xdb/cropped/2019-xdb-262a-russian-twist-m2-600x600.jpg']"
Seated Flat Bench Leg Pull-In,https://www.bodybuilding.com/exercises/seated-flat-bench-leg-pull-in,Abdominals,Weight Bench,8.4,Average,"['https://www.bodybuilding.com/exercises/exerciseImages/sequences/93/Male/m/93_1.jpg', 'https://www.bodybuilding.com/exercises/exerciseImages/sequences/93/Male/m/93_2.jpg']"
Barbell shrug,https://www.bodybuilding.com/exercises/barbell-shrug,Traps,Barbell,8.4,Average,"['https://www.bodybuilding.com/images/2020/xdb/cropped/xdb-04b-barbell-shrug-m1-square-600x600.jpg', 'https://www.bodybuilding.com/images/2020/xdb/cropped/xdb-04b-barbell-shrug-m2-square-600x600.jpg']"
Flat Bench Lying Leg Raise,https://www.bodybuilding.com/exercises/flat-bench-lying-leg-raise,Abdominals,Body Only,8.4,Average,"['https://www.bodybuilding.com/images/2020/xdb/cropped/xdb-63a-lying-leg-lift-m1-square-600x600.jpg', 'https://www.bodybuilding.com/images/2020/xdb/cropped/xdb-63a-lying-leg-lift-m2-square-600x600.jpg']"
Straight-arm dumbbell pull-over,https://www.bodybuilding.com/exercises/straight-arm-dumbbell-pullover,Chest,Dumbbell,8.4,Average,"['https://www.bodybuilding.com/images/2020/xdb/cropped/xdb-26e-straight-arm-dumbbell-pull-over-m1-square-600x600.jpg', 'https://www.bodybuilding.com/images/2020/xdb/cropped/xdb-26e-straight-arm-dumbbell-pull-over-m2-square-600x600.jpg']"
Arms-crossed jump squat,https://www.bodybuilding.com/exercises/freehand-jump-squat,Quadriceps,Body Only,8.4,Average,"['https://www.bodybuilding.com/images/2020/xdb/cropped/xdb-43a-arms-crossed-jump-squat-m2-square-600x600.jpg', nan]"
Band Skull Crusher,https://www.bodybuilding.com/exercises/band-skull-crusher,Triceps,,8.4,Average,"['https://www.bodybuilding.com/exercises/exerciseImages/sequences/1211/Male/m/1211_1.jpg', 'https://www.bodybuilding.com/exercises/exerciseImages/sequences/1211/Male/m/1211_2.jpg']"
Side Wrist Pull,https://www.bodybuilding.com/exercises/side-wrist-pull,Shoulders,,8.4,Average,"['https://www.bodybuilding.com/exercises/exerciseImages/sequences/442/Male/m/442_1.jpg', 'https://www.bodybuilding.com/exercises/exerciseImages/sequences/442/Male/m/442_2.jpg']"
Isometric Wipers,https://www.bodybuilding.com/exercises/isometric-wipers,Chest,Body Only,8.4,Average,"['https://www.bodybuilding.com/images/2020/xdb/cropped/xdb-122a-typewriter-push-up-m2-square-600x600.jpg', nan]"
Cable cross-over,https://www.bodybuilding.com/exercises/cable-iron-cross,Chest,Cable,8.4,Average,"['https://www.bodybuilding.com/images/2020/xdb/cropped/xdb-1c-cable-cross-over-m1-square-600x600.jpg', 'https://www.bodybuilding.com/images/2020/xdb/cropped/xdb-1c-cable-cross-over-m2-square-600x600.jpg']"
Standing leg swing,https://www.bodybuilding.com/exercises/front-leg-raises,Hamstrings,Body Only,8.4,Average,"['https://www.bodybuilding.com/images/2020/xdb/cropped/xdb-83s-standing-leg-swing-m1-square-600x600.jpg', 'https://www.bodybuilding.com/images/2020/xdb/cropped/xdb-83s-standing-leg-swing-m2-square-600x600.jpg']"
Clock push-up,https://www.bodybuilding.com/exercises/clock-push-up,Chest,Body Only,8.4,Average,"['https://www.bodybuilding.com/images/2020/xdb/cropped/xdb-103a-clock-push-up-m1-square-600x600.jpg', 'https://www.bodybuilding.com/images/2020/xdb/cropped/xdb-103a-clock-push-up-m6-square-600x600.jpg']"
Machine seated row,https://www.bodybuilding.com/exercises/leverage-iso-row,Lats,Machine,8.4,Average,"['https://www.bodybuilding.com/images/2020/xdb/cropped/xdb-91m-machine-seated-row-m1-square-600x600.jpg', 'https://www.bodybuilding.com/images/2020/xdb/cropped/xdb-91m-machine-seated-row-m2-square-600x600.jpg']"
Lying Face Up Plate Neck Resistance,https://www.bodybuilding.com/exercises/lying-face-up-plate-neck-resistance,Neck,Other,8.4,Average,"['https://www.bodybuilding.com/exercises/exerciseImages/sequences/26/Male/m/26_1.jpg', 'https://www.bodybuilding.com/exercises/exerciseImages/sequences/26/Male/m/26_2.jpg']"
Weighted sissy squat,https://www.bodybuilding.com/exercises/weighted-sissy-squat,Quadriceps,Other,8.4,Average,"['https://www.bodybuilding.com/images/2020/xdb/cropped/2019-xdb-180s-weighted-sissy-squat-m1-600x600.jpg', 'https://www.bodybuilding.com/images/2020/xdb/cropped/2019-xdb-180s-weighted-sissy-squat-m2-600x600.jpg']"
Jog In Place,https://www.bodybuilding.com/exercises/jog-in-place,Quadriceps,,8.4,Average,"['https://www.bodybuilding.com/images/2020/xdb/2963_1.jpg', 'https://www.bodybuilding.com/images/2020/xdb/2963_2.jpg']"
Dumbbell Raise,https://www.bodybuilding.com/exercises/dumbbell-raise,Shoulders,Dumbbell,8.4,Average,"['https://www.bodybuilding.com/exercises/exerciseImages/sequences/327/Male/m/327_1.jpg', 'https://www.bodybuilding.com/exercises/exerciseImages/sequences/327/Male/m/327_2.jpg']"
Palms-Down Dumbbell Wrist Curl Over A Bench,https://www.bodybuilding.com/exercises/palms-down-dumbbell-wrist-curl-over-a-bench,Forearms,Dumbbell,8.4,Average,"['https://www.bodybuilding.com/exercises/exerciseImages/sequences/4/Male/m/4_1.jpg', 'https://www.bodybuilding.com/exercises/exerciseImages/sequences/4/Male/m/4_2.jpg']"
One Arm Supinated Dumbbell Triceps Extension,https://www.bodybuilding.com/exercises/one-arm-supinated-dumbbell-triceps-extension,Triceps,Dumbbell,8.4,Average,"['https://www.bodybuilding.com/exercises/exerciseImages/sequences/362/Male/m/362_1.jpg', 'https://www.bodybuilding.com/exercises/exerciseImages/sequences/362/Male/m/362_2.jpg']"
Straight-Arm Pulldown,https://www.bodybuilding.com/exercises/straight-arm-pulldown,Lats,Cable,8.3,Average,"['https://www.bodybuilding.com/images/2020/xdb/cropped/2019-xdb-104c-straight-arm-bar-pull-down-m1-600x600.jpg', 'https://www.bodybuilding.com/images/2020/xdb/cropped/2019-xdb-104c-straight-arm-bar-pull-down-m2-600x600.jpg']"
Dumbbell Lying Rear Lateral Raise,https://www.bodybuilding.com/exercises/dumbbell-lying-rear-lateral-raise,Shoulders,Dumbbell,8.3,Average,"['https://www.bodybuilding.com/images/2020/xdb/cropped/xdb-13n-incline-dumbbell-reverse-fly-m1-square-600x600.jpg', 'https://www.bodybuilding.com/images/2020/xdb/cropped/xdb-13n-incline-dumbbell-reverse-fly-m2-square-600x600.jpg']"
